exp_condition, participant_id, trial_number, stimulus, stimulus_cond, response, correct, rt
images,159058285,1,pepper,0,0,1,0.847082376
images,159058285,2,rake,0,0,1,0.78613162
images,159058285,3,hammer,0,0,1,1.256066084
images,159058285,4,coconut,1,1,1,0.627212524
images,159058285,5,taxi,0,0,1,0.753371477
images,159058285,6,strawberry,1,1,1,0.549213648
images,159058285,7,truck,1,1,1,0.582473755
images,159058285,8,pencil,1,1,1,0.533124685
images,159058285,9,crow,0,0,1,0.54935813
images,159058285,10,scooter,0,0,1,0.596253633
images,159058285,11,broccoli,0,0,1,0.755026817
images,159058285,12,cow,0,0,1,0.770625114
images,159058285,13,lime,0,0,1,0.611863136
images,159058285,14,apple,0,0,1,0.94216466
images,159058285,15,donkey,1,1,1,0.59678936
images,159058285,16,boots,1,1,1,0.549267292
images,159058285,17,turtle,1,1,1,0.439017773
images,159058285,18,raspberry,1,1,1,0.470813751
images,159058285,19,cheetah,1,1,1,0.377085686
images,159058285,20,lettuce,1,1,1,0.535932541
