Condition,Participant ID,Trial Number,Stimulus,Stimulus Condition,Response,Correct,RT
images,919053501,1,penguin,0,0,1,796.533
images,919053501,2,ball,0,0,1,671.687
images,919053501,3,vest,0,0,1,805.821
images,919053501,4,bow,1,1,1,677.033
images,919053501,5,cat,1,1,1,642.47
images,919053501,6,elephant,1,1,1,655.117
images,919053501,7,ostrich,1,1,1,633.055
images,919053501,8,potato,1,1,1,725.61
images,919053501,9,snake,0,0,1,593.662
images,919053501,10,scissors,0,0,1,681.983
images,919053501,11,drill,1,1,1,649.203
images,919053501,12,skirt,0,0,1,642.687
images,919053501,13,mask,1,1,1,669.233
images,919053501,14,slingshot,1,1,1,771.555
images,919053501,15,woodpecker,0,0,1,668.138
images,919053501,16,sailboat,0,0,1,651.244
images,919053501,17,slippers,1,1,1,649.504
images,919053501,18,dog,0,0,1,798.116
images,919053501,19,boots,0,1,0,769.484
images,919053501,20,club,1,1,1,719.353
